Filename;Sensibility;Specificity;F1_score;TP;FP;TN;FN
H3D688_TETNG.gar_cds;0.91;1.0;0.953;1958;0;2286;193
LZTL1_PONAB.gar_cds;0.256;0.997;0.407;900;3;14783;2621
A0A0S4KLB5_BODSA.gar_cds;1.0;0.5;0.667;552;552;0;0
BBS4_HUMAN.gar_cds;0.383;0.896;0.537;954;111;49689;1536
B3DFT2_DANRE.gar_cds;0.663;1.0;0.797;1797;0;14134;914
H3GA39_PHYRM.gar_cds;1.0;0.5;0.667;1047;1047;0;0
A0A096P4T0_PAPAN.gar_cds;0.461;0.693;0.554;985;436;11161;1150
C4V6M3_NOSCE.gar_cds;0.0;0.0;0.0;0;627;0;627
B4MJU3_DROWI.gar_cds;1.0;1.0;1.0;2892;0;455;0
W5PKU2_SHEEP.gar_cds;0.2;1.0;0.333;1476;0;9315;5894
V9F4S6_PHYPR.gar_exon;0.997;0.5;0.666;1973;1973;5;5
F6S5R5_HORSE.gar_cds;0.719;0.933;0.812;1296;93;63210;507
A0A096MMY7_PAPAN.gar_cds;0.937;0.987;0.961;1673;22;22800;112
A8WJB5_CAEBR.gar_cds;0.936;1.0;0.967;831;0;96;57
A0A0M9GAT6_9TRYP.gar_cds;0.86;0.5;0.632;1779;1779;290;290
G3T822_LOXAF.gar_cds;0.845;1.0;0.916;492;0;41029;90
G7PUF5_MACFA.gar_cds;0.131;0.264;0.175;316;882;10270;2089
A0A096NII1_PAPAN.gar_cds;0.827;0.992;0.902;1792;14;30540;374
B3MGG0_DROAN.gar_exon;0.62;0.934;0.745;554;39;122;340
G3WML8_SARHA.gar_cds;0.995;0.5;0.666;1944;1944;9;9
A0A0G4EFJ8_VITBC.gar_cds;0.421;0.454;0.437;366;441;121;504
G7PDY7_MACFA.gar_cds;0.069;0.203;0.103;14;55;17939;190
E1BNU6_BOVIN.gar_cds;0.0;0.0;0.0;0;0;6031;1739
W5NG86_LEPOC.gar_cds;0.37;1.0;0.54;1768;0;1910;3006
B4GR41_DROPE.gar_cds;1.0;1.0;1.0;1818;0;178;0
H2T0R0_TAKRU.gar_cds;0.455;0.55;0.498;978;801;1276;1173
I3JZ61_ORENI.gar_cds;0.835;0.675;0.747;1898;912;15323;375
A0A067BYM3_SAPPC.gar_exon;0.609;0.786;0.686;471;128;95;302
BBS7_MOUSE.gar_cds;0.242;0.33;0.279;630;1278;36371;1969
H2QMZ4_PANTR.gar_cds;0.0;0.0;0.0;0;557;31854;1350
G3STK5_LOXAF.gar_cds;0.679;0.972;0.8;1161;33;6102;549
G1KRM1_ANOCA.gar_cds;1.0;1.0;1.0;189;0;1335;0
V4BYG1_LOTGI.gar_cds;0.873;0.798;0.834;1314;332;22793;192
A0A078A2X5_STYLE.gar_cds;1.0;0.5;0.667;555;555;0;0
D0MSD3_PHYIT.gar_exon;0.943;1.0;0.971;2197;0;71;133
H3G905_PHYRM.gar_cds;1.0;0.947;0.973;1530;86;0;0
G1QXS8_NOMLE.gar_cds;0.49;1.0;0.658;1755;0;375;1826
G3NNG6_GASAC.gar_cds;0.795;1.0;0.886;818;0;2743;211
W5N3D2_LEPOC.gar_cds;0.0;0.0;0.0;0;0;3147;216
F7E5E6_ORNAN.gar_cds;0.507;0.5;0.503;1092;1092;1062;1062
W2YQ45_PHYPR.gar_exon;0.952;1.0;0.975;1289;0;67;65
G3QMT8_GORGO.gar_cds;0.189;0.456;0.267;471;563;49634;2026
H0WSU0_OTOGA.gar_cds;0.895;0.802;0.846;511;126;15173;60
I3MMH3_ICTTR.gar_cds;0.595;0.009;0.018;1170;132835;74060;798
G3WMP3_SARHA.gar_cds;0.557;1.0;0.715;1518;0;49708;1207
G1R9L0_NOMLE.gar_cds;0.114;0.169;0.136;274;1349;8896;2126
A8JF99_CHLRE.gar_cds;0.347;0.919;0.504;543;48;1020;1024
D0MT71_PHYIT.gar_exon;1.0;1.0;1.0;1547;0;70;0
A0A090L5W0_STRRB.gar_cds;0.0;0.0;0.0;0;45;0;2346
A0A061IYK7_TRYRA.gar_cds;1.0;0.5;0.667;1131;1131;0;0
A0A0D9R0X9_CHLSB.gar_cds;0.088;1.0;0.162;437;0;35279;4524
U3KGN2_FICAL.gar_cds;0.371;0.833;0.513;1495;299;104853;2536
A4IBV8_LEIIN.gar_cds;1.0;0.5;0.667;1782;1782;0;0
Q7PUL7_ANOGA.gar_cds;1.0;1.0;1.0;1059;0;53;0
E1BTY2_CHICK.gar_cds;0.299;0.938;0.453;912;60;3722;2141
B3RIN7_TRIAD.gar_cds;0.0;0.0;0.0;0;0;3448;624
G1PTC0_MYOLU.gar_cds;0.824;1.0;0.904;467;0;9717;100
W2ZMB5_PHYPR.gar_cds;0.955;1.0;0.977;2145;0;73;102
H2QDI7_PANTR.gar_cds;0.068;0.137;0.091;164;1034;10526;2241
G3W4X1_SARHA.gar_cds;0.815;1.0;0.898;1452;0;4038;330
G1PDK6_MYOLU.gar_cds;1.0;1.0;1.0;1713;0;5943;0
K1P4M1_CRAGI.gar_cds;0.932;1.0;0.965;1398;0;11817;102
F2TWK2_SALR5.gar_exon;0.837;0.406;0.547;1454;2130;651;283
F7B2E3_MACMU.gar_cds;0.073;0.142;0.096;65;392;9408;826
A0A096NE45_PAPAN.gar_cds;1.0;0.5;0.667;1962;1962;0;0
F4PEA0_BATDJ.gar_cds;0.984;0.888;0.934;1713;215;946;27
U6LV11_9EIME.gar_cds;0.0;0.0;0.0;0;0;644;609
B3MEQ1_DROAN.gar_exon;0.612;0.985;0.755;1543;24;3814;977
H0Y2B1_OTOGA.gar_cds;1.0;0.5;0.667;1962;1962;0;0
G3WC39_SARHA.gar_cds;1.0;0.5;0.667;2088;2088;0;0
A7SR08_NEMVE.gar_cds;0.0;0.0;0.0;0;0;7648;555
M3YBL1_MUSPF.gar_cds;0.207;0.046;0.075;243;5039;12774;933
F1Q6W8_DANRE.gar_cds;0.243;0.369;0.293;729;1245;14530;2268
W5P6M8_SHEEP.gar_cds;0.535;1.0;0.697;558;0;20807;485
W5JIE3_ANODA.gar_cds;1.0;1.0;1.0;1473;0;1096;0
Q9I7P3_DROME.gar_exon;0.993;1.0;0.996;1220;0;231;8
BBS4_CAEEL.gar_cds;1.0;1.0;1.0;1389;0;1235;0
A6QNT9_BOVIN.gar_cds;0.82;0.5;0.621;1744;1744;383;383
A0A0D9RAF2_CHLSB.gar_cds;0.776;0.719;0.746;1862;727;242367;536
G0NR21_CAEBE.gar_cds;0.965;0.973;0.969;1815;51;863;66
A0A0D9RBM3_CHLSB.gar_cds;0.228;0.57;0.326;1192;899;114341;4044
E3LSA6_CAERE.gar_cds;1.0;1.0;1.0;1389;0;405;0
B4MRQ8_DROWI.gar_cds;0.873;1.0;0.932;524;0;182;76
F6QP01_XENTR.gar_cds;0.007;0.0;0.0;14;81202;20690;2125
H2PQU8_PONAB.gar_cds;0.48;0.195;0.277;547;2256;30878;593
Q5PR92_DANRE.gar_cds;0.0;0.0;0.0;0;0;1661;844
T1FZD8_HELRO.gar_cds;0.648;0.997;0.785;616;2;2573;335
J9I6R2_9SPIT.gar_cds;1.0;0.5;0.667;1752;1752;0;0
T1JMT6_STRMM.gar_cds;1.0;1.0;1.0;1767;0;297;0
F7FNJ0_MACMU.gar_cds;0.0;0.0;0.0;0;2400;244269;3654
G3SQS4_LOXAF.gar_cds;1.0;0.933;0.965;1671;120;9892;0
E2RIJ8_CANLF.gar_cds;0.126;0.16;0.141;271;1424;13640;1876
E1BN34_BOVIN.gar_cds;0.107;0.129;0.117;213;1438;10978;1776
A0A0G4ITJ7_PLABS.gar_exon;0.894;0.827;0.859;496;104;60;59
Q3SCX0_PARTE.gar_cds;1.0;0.5;0.667;981;981;0;0
H2QX35_PANTR.gar_cds;0.0;0.0;0.0;0;1333;104408;2162
H0XPD1_OTOGA.gar_cds;1.0;1.0;1.0;1782;0;17318;0
K7FLU5_PELSI.gar_cds;0.0;0.0;0.0;0;32727;0;3296
A0A067C4C7_SAPPC.gar_exon;0.803;0.753;0.777;1429;468;416;351
W4Z3R7_STRPU.gar_cds;0.939;1.0;0.969;1041;0;5500;68
A0A0S4JJZ6_BODSA.gar_cds;1.0;0.5;0.667;2157;2157;0;0
B4QJX6_DROSI.gar_exon;0.976;0.971;0.973;2122;63;230;53
G5C8Q6_HETGA.gar_cds;0.411;0.901;0.564;584;64;15371;837
F1SP83_PIG.gar_cds;0.02;0.057;0.03;76;1268;79906;3752
E2RG29_CANLF.gar_cds;0.0;0.0;0.0;0;1569;77167;2742
G1LIU7_AILME.gar_cds;0.0;0.0;0.0;0;426;0;2178
B3RJT2_TRIAD.gar_cds;0.786;0.991;0.877;1179;11;2694;321
M3YMG3_MUSPF.gar_cds;0.38;0.839;0.523;501;96;16999;818
G3RBR0_GORGO.gar_cds;0.366;0.684;0.477;1227;567;19343;2123
Q0VCP5_BOVIN.gar_cds;0.629;1.0;0.772;1962;0;8535;1158
H3CQC7_TETNG.gar_cds;0.815;0.928;0.868;1537;119;1748;349
A0A0L0D1H0_THETB.gar_exon;0.968;0.5;0.659;1788;1788;60;60
K2NW30_TRYCR.gar_cds;1.0;0.5;0.667;2283;2283;0;0
A0A0G4IMV6_PLABS.gar_cds;1.0;0.896;0.945;1296;150;281;0
W5P8L3_SHEEP.gar_cds;0.739;0.784;0.761;1587;438;238511;561
ARL6_DANRE.gar_cds;0.105;0.547;0.176;248;205;27504;2124
A0A0L0S8P6_ALLMA.gar_cds;0.72;0.618;0.665;517;319;82;201
W5Q7L6_SHEEP.gar_cds;0.606;0.848;0.707;369;66;28792;240
M3YV76_MUSPF.gar_cds;1.0;0.996;0.998;1680;6;9419;0
H2MJA1_ORYLA.gar_cds;0.463;0.503;0.482;998;986;2583;1159
H2PS04_PONAB.gar_cds;0.303;0.972;0.462;1837;52;121135;4233
A0A096MWX4_PAPAN.gar_cds;0.549;0.997;0.708;1185;3;379;972
A0A0N1PED7_LEPSE.gar_cds;1.0;0.5;0.667;1473;1473;0;0
A0A0H5S235_BRUMA.gar_cds;0.977;1.0;0.988;1703;0;2983;40
B0X8D9_CULQU.gar_cds;1.0;1.0;1.0;1071;0;57;0
F6ZUB8_MACMU.gar_cds;0.527;1.0;0.69;1962;0;9962;1759
H2QXS4_PANTR.gar_cds;0.636;0.5;0.56;1962;1962;1124;1124
G1LHM7_AILME.gar_cds;0.587;0.952;0.726;1260;63;36896;888
K1PBA9_CRAGI.gar_cds;1.0;0.5;0.667;567;567;0;0
A3QK09_DANRE.gar_cds;0.762;1.0;0.865;1575;0;26112;491
E3LTH5_CAERE.gar_cds;1.0;1.0;1.0;1521;0;556;0
A0A067R100_ZOONE.gar_cds;0.75;0.733;0.741;434;158;2424;145
A0A087Y1G8_POEFO.gar_cds;0.0;0.0;0.0;0;0;10043;5233
A0A067RJQ2_ZOONE.gar_cds;1.0;0.616;0.762;948;591;5246;0
A0A067RE41_ZOONE.gar_cds;0.871;0.636;0.735;1239;710;5431;183
Q4DFM2_TRYCC.gar_cds;1.0;0.5;0.667;1788;1788;0;0
F6QFV2_MONDO.gar_cds;1.0;0.5;0.667;2118;2118;0;0
IFT74_MOUSE.gar_cds;0.843;0.616;0.712;1803;1125;75475;336
B4H6C3_DROPE.gar_cds;1.0;1.0;1.0;1452;0;1399;0
F1SMI2_PIG.gar_cds;0.0;0.0;0.0;0;0;1959;1959
T1J8I6_STRMM.gar_exon;0.878;0.97;0.922;1952;60;937;270
G3QXK4_GORGO.gar_cds;0.012;0.014;0.013;31;2245;252977;2568
W5K4L0_ASTMX.gar_cds;0.059;0.179;0.089;160;734;7446;2568
D6WSV9_TRICA.gar_cds;0.967;1.0;0.983;2121;0;314;73
A0A067C533_SAPPC.gar_exon;0.9;0.873;0.886;1203;175;71;133
A0A158NPL4_ATTCE.gar_cds;1.0;1.0;1.0;1968;0;70;0
T1HX26_RHOPR.gar_cds;0.909;0.998;0.951;2467;5;5066;247
Q4CTS4_TRYCC.gar_cds;1.0;0.5;0.667;552;552;0;0
A2D7W2_TRIVA.gar_exon;0.873;0.5;0.636;1367;1367;199;199
BBS12_HUMAN.gar_cds;0.397;1.0;0.568;1287;0;8998;1957
M3XU97_MUSPF.gar_cds;0.356;0.019;0.036;376;19618;24729;680
H0UVR3_CAVPO.gar_cds;0.055;0.085;0.067;118;1266;38211;2030
G3TCL0_LOXAF.gar_cds;0.998;0.5;0.666;1962;1962;3;3
B4GFI4_DROPE.gar_cds;1.0;1.0;1.0;1149;0;270;0
BBS2_HUMAN.gar_cds;0.066;0.109;0.082;196;1610;31326;2767
H0WGM3_OTOGA.gar_cds;0.0;0.0;0.0;0;20335;0;558
F6W3B7_ORNAN.gar_cds;0.675;1.0;0.806;467;0;10742;225
M3YWA6_MUSPF.gar_cds;0.605;0.738;0.665;1308;465;226596;854
A0A0M9G178_9TRYP.gar_cds;0.807;0.5;0.617;540;540;129;129
K3WTZ6_PYTUL.gar_cds;0.965;1.0;0.982;1236;0;93;45
F1SBK4_PIG.gar_cds;0.057;0.152;0.083;176;985;13886;2899
A0A087YHA2_POEFO.gar_exon;0.397;1.0;0.568;816;0;17807;1240
F7AYF5_MONDO.gar_cds;0.0;0.0;0.0;0;1693;0;201
A0A139WED1_TRICA.gar_cds;0.446;1.0;0.617;1209;0;915;1502
B4LHK4_DROVI.gar_exon;0.976;1.0;0.988;1803;0;183;45
I3KYV4_ORENI.gar_cds;1.0;0.5;0.667;2043;2043;0;0
F1N4X0_BOVIN.gar_cds;0.366;0.407;0.385;581;847;56252;1008
H2PE85_PONAB.gar_cds;0.459;1.0;0.629;998;0;42479;1174
J9K271_ACYPI.gar_exon;0.842;1.0;0.914;2687;0;2092;503
F6R3H8_XENTR.gar_cds;0.0;0.0;0.0;0;0;1813;545
H3CW16_TETNG.gar_cds;0.924;0.847;0.884;1461;264;4445;120
PTHB1_HUMAN.gar_cds;0.0;0.0;0.0;0;43564;428946;4027
M3ZW06_XIPMA.gar_exon;0.585;0.984;0.734;1040;17;1251;737
H2RJL3_TAKRU.gar_cds;0.744;0.829;0.784;1268;261;162;436
S9UYL4_9TRYP.gar_cds;1.0;0.5;0.667;1737;1737;0;0
G3QKV3_GORGO.gar_cds;0.119;0.223;0.155;286;995;10325;2119
A0A0D9R698_CHLSB.gar_cds;0.523;1.0;0.687;498;0;16978;454
E1C569_CHICK.gar_cds;0.01;0.034;0.015;24;679;7852;2351
F7HY94_CALJA.gar_cds;0.004;0.014;0.006;15;1065;44107;3679
F6YCR4_HORSE.gar_cds;0.035;0.041;0.038;80;1882;7606;2208
G5BWY4_HETGA.gar_cds;0.507;0.988;0.67;1743;21;15387;1697
A0A0W8CGX9_PHYNI.gar_exon;1.0;1.0;1.0;600;0;311;0
G3Q0Q9_GASAC.gar_cds;0.87;0.866;0.868;554;86;1364;83
A0A158NSS3_ATTCE.gar_cds;0.134;0.058;0.081;136;2189;22031;878
W5PZP5_SHEEP.gar_cds;0.0;0.0;0.0;0;579;0;2172
H3DN21_TETNG.gar_cds;0.994;0.5;0.665;2010;2010;12;12
L1JV64_GUITH.gar_exon;0.795;0.971;0.874;1779;53;397;459
A0A024G196_9STRA.gar_cds;0.971;1.0;0.985;1200;0;56;36
V9G0L5_PHYPR.gar_exon;0.999;0.5;0.666;1179;1179;1;1
B4J623_DROGR.gar_exon;0.478;1.0;0.647;490;0;173;535
T1ELR8_HELRO.gar_cds;0.542;0.758;0.632;812;259;2087;685
F6SNQ4_MONDO.gar_cds;0.01;0.047;0.016;42;855;20240;4310
A0A067CLP2_SAPPC.gar_exon;0.996;0.5;0.666;1126;1126;5;5
A0A0D9RQB1_CHLSB.gar_cds;0.232;0.008;0.015;1070;133452;233703;3551
W4FS53_9STRA.gar_cds;0.637;0.927;0.755;1263;99;1564;721
D4A4U2_RAT.gar_cds;0.475;0.969;0.637;1980;63;14123;2186
F7B395_MACMU.gar_cds;0.298;0.199;0.239;487;1964;41528;1148
A0A0D9QYK6_CHLSB.gar_cds;0.629;1.0;0.772;1806;0;32055;1064
F6U8K2_HORSE.gar_cds;0.049;0.052;0.05;74;1357;46185;1444
V9EXZ9_PHYPR.gar_exon;0.995;1.0;0.997;2378;0;73;13
F6QE09_CIOIN.gar_cds;0.622;1.0;0.767;477;0;978;290
A0A044U854_ONCVO.gar_cds;0.923;0.994;0.957;1398;9;2094;117
A8HWI3_CHLRE.gar_cds;0.573;1.0;0.729;1059;0;1775;789
I3K8F9_ORENI.gar_cds;0.844;1.0;0.915;471;0;9702;87
V9F0Z3_PHYPR.gar_exon;1.0;1.0;1.0;736;0;90;0
B4QVM9_DROSI.gar_exon;0.869;1.0;0.93;2259;0;252;340
W5PYR9_SHEEP.gar_cds;0.413;0.929;0.572;1677;129;96882;2386
F7HDG7_MACMU.gar_cds;0.0;0.0;0.0;0;45740;441398;2749
B7YZM8_DROME.gar_exon;0.983;1.0;0.991;2898;0;690;49
F7D8D3_MONDO.gar_cds;0.646;0.93;0.762;1806;135;34210;991
A0A087YB91_POEFO.gar_cds;0.0;0.0;0.0;0;2796;150;3872
F1RRP3_PIG.gar_cds;0.271;0.383;0.317;603;972;9808;1622
J9JSR9_ACYPI.gar_cds;0.83;0.996;0.905;1344;6;7369;276
F6YBY1_CALJA.gar_cds;0.461;1.0;0.631;1239;0;386;1446
U3JJ17_FICAL.gar_cds;0.319;1.0;0.484;809;0;8669;1729
A4IIF7_XENTR.gar_cds;0.639;0.944;0.762;1956;115;8720;1106
G5E7D8_LOXAF.gar_cds;0.805;1.0;0.892;1434;0;13905;348
I3KSH0_ORENI.gar_cds;0.956;0.978;0.967;1713;39;2213;78
I3JVB4_ORENI.gar_cds;0.945;0.993;0.968;2032;14;6133;119
B3S5T1_TRIAD.gar_cds;0.812;0.972;0.885;1752;50;4944;405
G3PWM5_GASAC.gar_cds;0.722;0.993;0.836;2103;15;3414;810
B3RQQ8_TRIAD.gar_cds;0.541;1.0;0.702;562;0;3370;476
A0A0D9RJ69_CHLSB.gar_cds;0.314;0.942;0.471;308;19;20253;672
J9EVV2_9SPIT.gar_cds;0.0;0.0;0.0;0;0;267;843
MKKS_HUMAN.gar_cds;0.215;1.0;0.354;1442;0;26500;5272
H2QMG1_PANTR.gar_cds;0.002;0.005;0.003;6;1140;13682;3370
M3WGL7_FELCA.gar_cds;0.124;0.188;0.149;307;1325;8689;2169
M3ZIL2_XIPMA.gar_cds;0.0;0.0;0.0;0;5904;0;3788
G3T3M9_LOXAF.gar_cds;0.735;1.0;0.847;1584;0;368;570
H2NNP4_PONAB.gar_cds;0.618;0.88;0.726;1057;144;48891;654
G1K9Z0_ANOCA.gar_cds;0.274;1.0;0.43;1167;0;12595;3094
A4I4C4_LEIIN.gar_cds;1.0;0.5;0.667;2568;2568;0;0
G1TDC1_RABIT.gar_cds;0.13;0.169;0.147;310;1529;24413;2068
S9VIN4_9TRYP.gar_cds;1.0;0.5;0.667;1077;1077;0;0
A0A0D9QVJ6_CHLSB.gar_cds;0.499;1.0;0.666;1137;0;379;1143
A0A0N0P3E7_LEPSE.gar_cds;1.0;0.5;0.667;1791;1791;0;0
B4KRF7_DROMO.gar_exon;1.0;1.0;1.0;3105;0;859;0
ARL6_CAEBR.gar_cds;0.854;1.0;0.921;573;0;299;98
BBS5_CAEEL.gar_cds;0.903;0.921;0.912;981;84;1617;105
B3MBX5_DROAN.gar_exon;1.0;1.0;1.0;2921;0;690;0
I3NHG2_ICTTR.gar_cds;0.843;0.864;0.853;1503;237;13046;279
A0A0G4IR91_PLABS.gar_exon;0.946;0.896;0.92;1433;166;161;82
Q3SCY0_PARTE.gar_cds;0.884;0.5;0.639;867;867;114;114
I3NAS8_ICTTR.gar_cds;0.0;0.0;0.0;0;470;10429;838
T1JYJ2_TETUR.gar_cds;1.0;0.992;0.996;1851;15;365;0
V5DUI8_TRYCR.gar_cds;1.0;0.5;0.667;1761;1761;0;0
G1LSZ3_AILME.gar_cds;0.832;0.837;0.834;467;91;17124;94
SDCG8_HUMAN.gar_cds;0.578;0.645;0.61;1483;818;240652;1084
G1TL09_RABIT.gar_cds;0.998;0.5;0.666;1962;1962;3;3
F6XYK3_HORSE.gar_cds;0.595;0.5;0.543;1277;1277;868;868
H2MAJ8_ORYLA.gar_cds;0.277;0.365;0.315;313;545;4505;817
G1S9G6_NOMLE.gar_cds;0.529;0.5;0.514;1129;1129;1004;1004
A0A0N1IJK5_LEPSE.gar_cds;1.0;0.5;0.667;1779;1779;0;0
H2QQ46_PANTR.gar_cds;0.0;0.0;0.0;0;1254;10505;3433
A0A087YK02_POEFO.gar_cds;0.0;0.0;0.0;0;98388;0;3145
A0A158NS39_ATTCE.gar_cds;0.964;0.5;0.658;214;214;8;8
D3ZYF7_RAT.gar_cds;0.49;0.5;0.495;1231;1231;1283;1283
T0R6X7_9STRA.gar_exon;0.962;0.5;0.658;1126;1126;44;44
BBS4_BOVIN.gar_cds;0.061;0.095;0.074;138;1320;42530;2121
E1BHJ5_BOVIN.gar_cds;0.144;0.008;0.015;441;56171;396503;2620
FRITZ_HUMAN.gar_cds;0.0;0.0;0.0;0;3089;460936;3392
D2CG54_TRICA.gar_cds;0.252;0.815;0.385;1026;233;10873;3046
M3WA02_FELCA.gar_cds;0.127;0.162;0.142;313;1622;27506;2158
TTC8_HUMAN.gar_cds;0.629;1.0;0.772;1464;0;51514;865
H3CI58_TETNG.gar_cds;0.891;0.728;0.801;2230;833;34234;272
G3NXV8_GASAC.gar_cds;0.669;1.0;0.802;1383;0;2274;685
M3W6J9_FELCA.gar_cds;0.142;0.236;0.177;212;685;13747;1282
W6L264_9TRYP.gar_cds;0.513;0.5;0.506;441;441;418;418
E2RRS0_CANLF.gar_cds;0.0;0.0;0.0;0;36642;0;778
A0A0G4GYZ9_VITBC.gar_cds;0.717;0.557;0.627;734;583;432;289
T1L460_TETUR.gar_exon;0.859;0.5;0.632;627;627;103;103
D0MXK6_PHYIT.gar_cds;1.0;1.0;1.0;1316;0;65;0
F7CDR8_HORSE.gar_cds;0.0;0.0;0.0;0;0;14861;429
E1BXI4_CHICK.gar_cds;0.171;0.256;0.205;423;1228;10703;2049
H2Q6I5_PANTR.gar_cds;0.0;0.0;0.0;0;374;0;3582
H0UU32_CAVPO.gar_cds;0.725;0.885;0.797;1215;158;10397;462
M3ZUB6_XIPMA.gar_cds;0.964;0.983;0.973;1935;33;0;72
H0WRS7_OTOGA.gar_cds;0.993;1.0;0.996;1716;0;6781;12
G4ZE33_PHYSP.gar_cds;1.0;0.938;0.968;1530;101;0;0
Q5XIR2_RAT.gar_cds;0.855;0.618;0.717;1803;1116;86342;305
M4A7P2_XIPMA.gar_cds;0.0;0.0;0.0;0;13469;0;3181
G0MCB1_CAEBE.gar_cds;1.0;0.92;0.958;2166;189;5872;0
F6QF28_MONDO.gar_cds;0.045;0.236;0.076;123;399;28087;2605
B5DUR3_DROPS.gar_exon;0.897;1.0;0.946;676;0;194;78
F6QM11_MONDO.gar_cds;0.9;0.953;0.926;1407;69;78633;156
T0Q4Q9_9STRA.gar_exon;0.715;0.923;0.806;983;82;155;392
A4HP97_LEIBR.gar_cds;1.0;0.5;0.667;1479;1479;0;0
A7RIW9_NEMVE.gar_cds;0.0;0.0;0.0;0;0;15816;1500
W5P7J1_SHEEP.gar_cds;0.871;0.982;0.923;1552;29;14040;230
W4XN65_STRPU.gar_cds;0.857;0.458;0.597;775;917;17333;129
G1LJ46_AILME.gar_cds;0.703;0.032;0.061;1872;55756;346617;789
G3T3V8_LOXAF.gar_cds;0.831;1.0;0.908;1785;0;42072;363
B4HPG5_DROSE.gar_cds;1.0;0.995;0.997;606;3;175;0
G4ZI86_PHYSP.gar_cds;1.0;0.5;0.667;1929;1929;0;0
G3SHD1_GORGO.gar_cds;0.193;0.879;0.317;488;67;26553;2040
I3MFB6_ICTTR.gar_cds;0.364;0.5;0.421;777;777;1356;1356
B4IZI2_DROGR.gar_cds;0.936;0.994;0.964;1797;11;236;123
H2QB48_PANTR.gar_cds;0.536;0.858;0.66;1550;256;36594;1343
Q2M0T4_DROPS.gar_cds;0.979;0.998;0.988;1836;4;230;39
E3LQY5_CAERE.gar_cds;1.0;1.0;1.0;1887;0;556;0
U3KJC2_FICAL.gar_cds;1.0;0.5;0.667;1944;1944;0;0
W5M5Q7_LEPOC.gar_cds;0.683;1.0;0.812;1593;0;28409;739
G1SIY1_RABIT.gar_cds;0.869;1.0;0.93;1872;0;45212;282
F6SS62_MONDO.gar_cds;0.026;0.124;0.043;99;699;20443;3755
G3N118_BOVIN.gar_cds;0.54;0.5;0.519;561;561;478;478
B3RPI2_TRIAD.gar_cds;0.896;0.881;0.888;833;112;2893;97
Q23PP7_TETTS.gar_cds;0.945;0.965;0.955;1979;72;1283;116
E2RER8_CANLF.gar_cds;0.142;0.152;0.147;247;1376;9049;1497
G1MMT5_AILME.gar_cds;1.0;0.5;0.667;1968;1968;0;0
F6UB70_HORSE.gar_cds;0.39;0.03;0.056;246;7844;18596;384
A0A067RIH6_ZOONE.gar_cds;1.0;0.583;0.737;570;408;1594;0
B3RRG2_TRIAD.gar_cds;0.885;0.941;0.912;2270;143;4746;295
S9U239_9TRYP.gar_cds;1.0;0.5;0.667;1770;1770;0;0
H9GKS6_ANOCA.gar_cds;0.322;0.995;0.487;875;4;8885;1839
F6SUK4_MACMU.gar_cds;0.0;0.0;0.0;0;13332;0;6966
M4AFV4_XIPMA.gar_cds;0.0;0.0;0.0;0;92524;0;2839
F7C4T0_CALJA.gar_cds;0.028;0.005;0.008;112;22206;451777;3907
M3ZSV8_XIPMA.gar_cds;0.0;0.0;0.0;0;0;10171;5164
D0N9B8_PHYIT.gar_exon;0.877;0.867;0.872;563;86;245;79
Q17LJ5_AEDAE.gar_cds;0.287;1.0;0.446;1044;0;63;2596
BBS7_HUMAN.gar_cds;0.251;0.88;0.391;943;128;42178;2809
J9JV08_ACYPI.gar_exon;0.917;1.0;0.957;3339;0;6594;301
F2TWH2_SALR5.gar_exon;0.39;0.381;0.385;915;1488;2770;1432
D6WZ82_TRICA.gar_cds;0.746;1.0;0.855;1767;0;228;603
V5BKF4_TRYCR.gar_cds;1.0;0.5;0.667;2280;2280;0;0
B4I3T5_DROSE.gar_cds;1.0;1.0;1.0;1146;0;253;0
G1KMJ2_ANOCA.gar_cds;0.347;1.0;0.515;1692;0;18199;3187
G3SY59_LOXAF.gar_cds;0.391;0.004;0.008;1030;231368;256747;1601
G3S2X3_GORGO.gar_cds;0.0;0.0;0.0;0;374;0;3580
J9K409_ACYPI.gar_cds;0.637;1.0;0.778;1281;0;11397;730
H2SDM2_TAKRU.gar_cds;0.566;0.769;0.652;973;293;378;746
LZTL1_HUMAN.gar_cds;0.03;0.106;0.047;121;1019;13759;3952
B2RZ48_RAT.gar_cds;0.485;1.0;0.653;663;0;19654;705
G1ME56_AILME.gar_cds;0.939;0.938;0.938;2034;135;24932;132
A0A158NUR8_ATTCE.gar_cds;0.743;1.0;0.853;1008;0;6050;348
G1SF71_RABIT.gar_cds;0.571;0.968;0.718;1659;54;105254;1247
G4YN09_PHYSP.gar_exon;0.966;1.0;0.983;1240;0;74;44
BBS1_CAEEL.gar_cds;0.876;0.968;0.92;1675;56;2909;237
H2P7R4_PONAB.gar_cds;0.246;0.693;0.363;451;200;26450;1381
F6Q1R3_CALJA.gar_cds;0.222;0.189;0.204;400;1712;39784;1405
W2QE22_PHYPN.gar_cds;0.955;1.0;0.977;2145;0;73;102
G1M0S6_AILME.gar_cds;0.997;1.0;0.998;897;0;9856;3
A0A096NMN0_PAPAN.gar_cds;0.922;0.967;0.944;1439;49;56460;121
G3T996_LOXAF.gar_cds;0.728;0.848;0.783;1313;235;79159;490
I3NC55_ICTTR.gar_cds;0.0;0.0;0.0;0;185;12773;585
J9I6B1_9SPIT.gar_cds;0.805;1.0;0.892;1437;0;241;348
B1H1F4_XENTR.gar_cds;0.0;0.0;0.0;0;15393;0;2018
A0A024TXS0_9STRA.gar_exon;0.706;0.854;0.773;507;87;152;211
W6KG70_9TRYP.gar_cds;1.0;0.5;0.667;1530;1530;0;0
G1T9Q2_RABIT.gar_cds;0.086;0.166;0.113;217;1094;54118;2312
G1SYN3_RABIT.gar_cds;0.306;1.0;0.469;900;0;13704;2045
IFT27_CHLRE.gar_cds;0.555;1.0;0.714;615;0;502;493
W4G1M5_9STRA.gar_cds;0.811;0.901;0.854;494;54;278;115
W5MN19_LEPOC.gar_cds;0.639;1.0;0.78;656;0;3533;370
A4I446_LEIIN.gar_cds;1.0;0.5;0.667;561;561;0;0
B3RWQ3_TRIAD.gar_cds;0.98;1.0;0.99;535;0;1287;11
Q4D247_TRYCC.gar_cds;0.94;0.5;0.653;2145;2145;138;138
F6RWY1_CIOIN.gar_cds;0.618;1.0;0.764;885;0;2542;547
F4PDV5_BATDJ.gar_cds;0.0;0.0;0.0;0;0;550;582
A4HH78_LEIBR.gar_cds;1.0;0.5;0.667;2577;2577;0;0
H2N1F5_ORYLA.gar_cds;0.272;0.292;0.282;529;1282;1427;1415
U6G3P0_9EIME.gar_cds;0.0;0.0;0.0;0;0;659;609
A0A024TEN6_9STRA.gar_exon;0.704;0.716;0.71;1326;527;395;558
B4JSV3_DROGR.gar_exon;0.867;1.0;0.929;1116;0;318;171
A0A087YC70_POEFO.gar_cds;0.0;0.0;0.0;0;12355;0;2237
A0A067CXS2_SAPPC.gar_cds;0.724;0.89;0.798;1662;206;432;633
R1DSD8_EMIHU.gar_cds;1.0;1.0;1.0;1548;0;116;0
A6QLF9_BOVIN.gar_cds;0.018;0.031;0.023;24;738;18890;1347
G3W852_SARHA.gar_cds;0.833;0.998;0.908;1806;3;50445;363
A2FQ75_TRIVA.gar_cds;1.0;0.5;0.667;1698;1698;0;0
K2NS17_TRYCR.gar_cds;1.0;0.5;0.667;1761;1761;0;0
H2MRS1_ORYLA.gar_cds;0.795;1.0;0.886;818;0;2630;211
W6KIA6_9TRYP.gar_cds;1.0;0.5;0.667;1749;1749;0;0
BBS5_MOUSE.gar_cds;0.361;0.574;0.443;530;394;18502;938
L1JA00_GUITH.gar_exon;0.507;0.664;0.575;292;148;187;284
H3CFW0_TETNG.gar_cds;0.837;0.642;0.727;1664;927;4249;325
B3S0W6_TRIAD.gar_cds;0.751;0.929;0.831;1296;99;2662;429
V4B2U3_LOTGI.gar_cds;0.881;1.0;0.937;1966;0;11293;265
H2ZYI3_LATCH.gar_cds;0.995;0.5;0.666;1935;1935;9;9
W5QAJ5_SHEEP.gar_cds;0.78;1.0;0.876;1689;0;27421;477
G1QNZ0_NOMLE.gar_cds;0.633;0.984;0.77;1778;28;32322;1029
LZTL1_MOUSE.gar_cds;0.078;0.389;0.13;319;500;16044;3751
H9GCQ3_ANOCA.gar_cds;0.939;1.0;0.969;2037;0;22792;132
A0A096MTK8_PAPAN.gar_cds;0.312;0.58;0.406;321;232;33050;709
Q3V3N7_MOUSE.gar_cds;0.315;0.819;0.455;1756;388;13761;3825
G3TR76_LOXAF.gar_cds;0.601;0.5;0.546;1287;1287;855;855
H9GPW5_ANOCA.gar_cds;0.995;0.5;0.666;1953;1953;9;9
F6V3X0_CALJA.gar_cds;1.0;0.731;0.845;204;75;17462;0
B0WXE2_CULQU.gar_cds;0.994;1.0;0.997;1801;0;267;11
H2PT77_PONAB.gar_cds;1.0;0.5;0.667;1962;1962;0;0
A0A090LLE7_STRRB.gar_cds;0.0;0.0;0.0;0;1536;0;1536
H2MHH5_ORYLA.gar_cds;0.077;0.093;0.084;129;1260;5114;1545
B4M537_DROVI.gar_cds;1.0;1.0;1.0;1137;0;676;0
F7CJR6_HORSE.gar_cds;0.193;0.207;0.2;210;804;24783;880
M3YWX4_MUSPF.gar_cds;0.385;1.0;0.556;1698;0;88950;2709
B4H6Z9_DROPE.gar_cds;1.0;1.0;1.0;2910;0;662;0
M3W9S7_FELCA.gar_cds;0.188;0.981;0.316;1054;20;11898;4559
F7GJV3_MONDO.gar_cds;0.946;0.968;0.957;2038;68;82116;117
A0A024TA76_9STRA.gar_exon;0.742;0.9;0.813;1273;142;447;443
M3WSX8_FELCA.gar_cds;0.01;0.031;0.015;46;1457;13953;4385
H3B555_LATCH.gar_cds;0.752;0.998;0.858;1937;4;56448;639
A2F554_TRIVA.gar_cds;1.0;0.5;0.667;567;567;0;0
J9JNX2_ACYPI.gar_exon;0.873;0.954;0.912;2713;132;22398;393
A0A087YN04_POEFO.gar_cds;0.0;0.0;0.0;0;6625;0;2298
H2M9T7_ORYLA.gar_cds;0.157;0.248;0.192;266;808;130;1429
B4MMM3_DROWI.gar_cds;1.0;1.0;1.0;1818;0;142;0
F2USB8_SALR5.gar_cds;0.36;0.61;0.453;634;406;2604;1129
I7LWB4_TETTS.gar_cds;0.903;1.0;0.949;1713;0;1078;185
I3JQB2_ORENI.gar_cds;0.446;1.0;0.617;755;0;4924;939
B3S9A2_TRIAD.gar_exon;0.855;1.0;0.922;715;0;1546;121
G4ZW31_PHYSP.gar_cds;1.0;0.5;0.667;1047;1047;0;0
A0A0W8CFM7_PHYNI.gar_cds;1.0;0.5;0.667;1047;1047;0;0
G1KMV6_ANOCA.gar_cds;0.23;1.0;0.374;1518;0;35962;5080
T0QGA8_9STRA.gar_cds;0.765;0.838;0.8;434;84;90;133
G1RWH4_NOMLE.gar_cds;0.402;0.714;0.514;1017;408;26444;1510
W4GJ33_9STRA.gar_exon;0.885;0.979;0.93;2041;43;1833;266
A0A087XEB7_POEFO.gar_cds;0.0;0.0;0.0;0;0;6222;3117
A0A0R4IUZ0_DANRE.gar_cds;0.266;0.619;0.372;485;298;117359;1337
H0V4D2_CAVPO.gar_cds;0.117;0.157;0.134;120;642;21680;906
I3KLC5_ORENI.gar_cds;0.245;0.261;0.253;421;1194;6807;1298
A0A0K0JVX7_BRUMA.gar_cds;0.904;0.991;0.946;1602;15;4718;171
G3WV05_SARHA.gar_cds;0.622;1.0;0.767;1380;0;23042;839
H3B9Z9_LATCH.gar_cds;0.777;1.0;0.875;436;0;23829;125
L1IIB1_GUITH.gar_cds;0.72;0.812;0.763;952;220;397;371
H2T229_TAKRU.gar_cds;0.336;0.399;0.365;566;851;2062;1120
G1TZP3_RABIT.gar_cds;0.288;0.028;0.051;1325;46044;387360;3274
A7S5W5_NEMVE.gar_cds;0.718;1.0;0.836;1650;0;315;648
A0A024G9H8_9STRA.gar_exon;0.978;0.959;0.968;1490;63;60;34
F6UN54_ORNAN.gar_cds;0.521;0.945;0.672;1689;99;19918;1550
F7IFY6_CALJA.gar_cds;0.131;0.082;0.101;377;4240;32002;2497
G1SII1_RABIT.gar_cds;0.166;1.0;0.285;1060;0;5841;5336
I3MYC6_ICTTR.gar_cds;0.0;0.0;0.0;0;301;0;2184
J3QMK2_MOUSE.gar_cds;0.082;1.0;0.152;204;0;12463;2284
U3JXB3_FICAL.gar_cds;0.421;1.0;0.593;1479;0;9691;2030
Q4R679_MACFA.gar_cds;0.578;0.654;0.614;1192;632;116209;872
BBS4_DROME.gar_exon;0.995;1.0;0.997;1512;0;1873;8
G3RIZ2_GORGO.gar_cds;0.144;0.231;0.177;417;1389;32694;2475
W3A5U6_PHYPR.gar_exon;0.999;0.5;0.666;1179;1179;1;1
G3SW34_LOXAF.gar_cds;0.892;1.0;0.943;498;0;18473;60
L1IPS2_GUITH.gar_cds;0.585;1.0;0.738;475;0;148;337
B4J6Z6_DROGR.gar_exon;0.942;1.0;0.97;2774;0;792;172
G1TLB3_RABIT.gar_cds;0.0;0.0;0.0;0;35817;0;1044
W5PIK1_SHEEP.gar_cds;0.992;0.875;0.93;893;127;15877;7
V5B464_TRYCR.gar_cds;1.0;0.5;0.667;1788;1788;0;0
H3CVL6_TETNG.gar_cds;0.738;1.0;0.849;412;0;1032;146
B4LNW6_DROVI.gar_cds;1.0;1.0;1.0;613;0;189;0
A0A0G4ILU8_PLABS.gar_cds;0.837;0.935;0.883;1512;105;173;294
W2Z6I3_PHYPR.gar_exon;1.0;1.0;1.0;736;0;92;0
F1NGP6_CHICK.gar_cds;0.427;0.998;0.598;1598;4;30743;2145
K7J1K7_NASVI.gar_cds;0.712;1.0;0.832;720;0;898;291
CH037_HUMAN.gar_cds;0.139;1.0;0.244;462;0;20949;2872
A0A0L0HHW9_SPIPN.gar_cds;0.998;0.924;0.96;1793;147;849;4
Q4D092_TRYCC.gar_cds;1.0;0.5;0.667;552;552;0;0
F7AEK0_CALJA.gar_cds;0.0;0.0;0.0;0;258;11005;658
G3QI68_GORGO.gar_cds;0.0;0.0;0.0;0;0;15918;3365
IFT27_HUMAN.gar_cds;0.125;0.236;0.163;139;449;16390;974
A0A096NZB9_PAPAN.gar_cds;0.065;0.373;0.111;284;478;26042;4097
G0QX15_ICHMG.gar_cds;0.0;0.0;0.0;0;505;0;1570
G3W6A7_SARHA.gar_cds;0.154;0.005;0.01;799;155638;92731;4395
A2EQS9_TRIVA.gar_cds;0.993;0.5;0.665;2232;2232;15;15
A0A0G4GWT1_VITBC.gar_cds;0.865;0.757;0.807;1367;440;146;214
L1JP33_GUITH.gar_cds;0.383;0.797;0.517;400;102;1039;644
B4KCS8_DROMO.gar_exon;1.0;1.0;1.0;1338;0;320;0
A0A0V0R577_PSEPJ.gar_cds;0.889;0.987;0.935;1341;18;1182;168
A0A087XEK6_POEFO.gar_cds;0.0;0.0;0.0;0;0;7087;1340
M3ZUZ2_XIPMA.gar_cds;0.0;0.0;0.0;0;5601;1779;3400
G5AEZ3_PHYSP.gar_exon;0.983;0.96;0.971;1846;76;643;32
V9FJ70_PHYPR.gar_cds;0.955;1.0;0.977;2145;0;73;102
A0A0D9R7I6_CHLSB.gar_cds;0.444;0.959;0.607;1695;72;23265;2123
H2YLQ2_CIOSA.gar_cds;0.517;1.0;0.682;567;0;2767;529
Q16XJ9_AEDAE.gar_cds;1.0;1.0;1.0;2226;0;24844;0
G1P9Y3_MYOLU.gar_cds;0.865;1.0;0.928;1581;0;81763;246
M3WUV2_FELCA.gar_cds;0.96;0.5;0.658;1886;1886;79;79
Q22BU8_TETTS.gar_cds;0.0;0.0;0.0;0;0;679;1764
B1WC73_RAT.gar_cds;0.251;0.941;0.396;466;29;24244;1387
W4H8Z6_9STRA.gar_exon;0.951;0.971;0.961;1998;60;52;104
A0A077ZNG4_STYLE.gar_cds;0.936;1.0;0.967;1440;0;29;99
A0A0D9RMF9_CHLSB.gar_cds;0.586;1.0;0.739;1433;0;18255;1013
A0A096LYQ5_POEFO.gar_cds;0.0;0.0;0.0;0;5275;0;3150
I3JGE5_ORENI.gar_cds;0.135;0.158;0.146;122;649;4898;784
H3DHP5_TETNG.gar_cds;0.617;1.0;0.763;901;0;1612;559
F6UBH2_MONDO.gar_cds;0.829;1.0;0.907;1596;0;105211;329
D4A8B1_RAT.gar_cds;0.547;0.674;0.604;1374;666;29829;1136
Q66H79_RAT.gar_cds;0.622;1.0;0.767;1968;0;7688;1196
T1HSF8_RHOPR.gar_exon;0.715;0.968;0.822;768;25;3428;306
I3JUU0_ORENI.gar_cds;0.888;1.0;0.941;1513;0;636;191
G3VFI2_SARHA.gar_cds;0.0;0.0;0.0;0;29411;0;2499
CH037_BOVIN.gar_cds;0.269;0.364;0.309;227;397;21748;618
G1SZG9_RABIT.gar_cds;0.0;0.0;0.0;0;355;0;2175
D0NIV2_PHYIT.gar_exon;0.977;0.5;0.661;1932;1932;45;45
B4KME7_DROMO.gar_exon;0.674;1.0;0.805;692;0;178;335
V9F6J5_PHYPR.gar_exon;0.955;0.962;0.958;1590;63;0;75
D0N5X0_PHYIT.gar_cds;1.0;0.5;0.667;1047;1047;0;0
BBS7_CAEEL.gar_cds;0.992;1.0;0.996;2148;0;9229;18
G3NKQ2_GASAC.gar_cds;0.886;1.0;0.94;1512;0;1130;195
F1SDY6_PIG.gar_cds;0.13;0.237;0.168;291;936;48860;1940
MKS1_MOUSE.gar_cds;0.613;1.0;0.76;1533;0;8090;966
F1NGP3_CHICK.gar_cds;0.0;0.0;0.0;0;1458;28019;1812
A0A067CA50_SAPPC.gar_exon;0.823;0.808;0.815;1844;438;95;397
A0A0K0JLB3_BRUMA.gar_cds;1.0;1.0;1.0;1503;0;1920;0
Q7QJD7_ANOGA.gar_cds;1.0;1.0;1.0;1815;0;328;0
D2I2K1_AILME.gar_cds;0.945;0.996;0.97;1588;6;10043;92
A0A067R1E4_ZOONE.gar_cds;0.888;0.886;0.887;1933;249;4154;245
A0A0G2JT03_RAT.gar_cds;0.0;0.0;0.0;0;0;673;201
W5NLE0_LEPOC.gar_cds;1.0;0.5;0.667;1941;1941;0;0
A0A158P292_ATTCE.gar_cds;0.996;0.988;0.992;2495;31;12952;10
A0A0D9RQV3_CHLSB.gar_cds;0.464;0.045;0.082;1912;40611;449231;2209
T0RDB9_9STRA.gar_exon;0.606;0.759;0.674;432;137;90;281
H0XMN1_OTOGA.gar_cds;0.97;1.0;0.985;195;0;864;6
G7PC93_MACFA.gar_cds;0.091;0.942;0.166;308;19;20431;3085
G1TGM5_RABIT.gar_cds;0.0;0.0;0.0;0;402;24082;920
B4HN35_DROSE.gar_cds;1.0;0.955;0.977;1461;69;2163;0
F6TJ94_HORSE.gar_cds;0.392;0.425;0.408;883;1196;218821;1372
B4MK78_DROWI.gar_cds;0.822;0.995;0.9;1203;6;2395;261
K7J2H3_NASVI.gar_cds;0.934;1.0;0.966;2028;0;898;144
A0A061J2T5_TRYRA.gar_cds;1.0;0.5;0.667;2256;2256;0;0
F7C228_XENTR.gar_cds;0.03;0.028;0.029;64;2192;18555;2105
D2HN50_AILME.gar_cds;0.601;0.5;0.546;1287;1287;855;855
K1RU52_CRAGI.gar_cds;0.928;0.916;0.922;1695;156;8331;132
BBIP1_HUMAN.gar_cds;0.339;0.599;0.433;167;112;18389;325
H0X8S4_OTOGA.gar_cds;0.712;0.973;0.822;1089;30;64255;441
J9K5Q8_ACYPI.gar_exon;0.992;1.0;0.996;906;0;760;7
G1QEW9_MYOLU.gar_cds;0.0;0.0;0.0;0;385;0;2178
T0RT93_9STRA.gar_exon;0.761;0.788;0.774;1836;495;350;577
H0XKK6_OTOGA.gar_cds;0.994;1.0;0.997;2139;0;386;12
A0A061J9H1_TRYRA.gar_cds;1.0;0.5;0.667;1377;1377;0;0
A9V1S9_MONBE.gar_cds;0.587;0.498;0.539;614;620;625;432
G3SS75_LOXAF.gar_cds;0.0;0.0;0.0;0;33888;0;612
A0A087XRS7_POEFO.gar_cds;0.0;0.0;0.0;0;0;3720;3927
D2HVB4_AILME.gar_cds;0.87;1.0;0.93;540;0;19934;81
B3M138_DROAN.gar_cds;0.918;1.0;0.957;1060;0;214;95
V3ZY76_LOTGI.gar_cds;0.872;1.0;0.932;1506;0;11187;222
H0V587_CAVPO.gar_cds;0.108;0.118;0.113;60;450;12917;498
W5MMG5_LEPOC.gar_cds;0.982;0.962;0.972;2432;97;7585;45
W4FD55_9STRA.gar_exon;0.979;0.921;0.949;1373;118;305;30
F6V1R0_HORSE.gar_cds;0.0;0.0;0.0;0;567;34970;694
S9W6M0_9TRYP.gar_cds;1.0;0.5;0.667;1077;1077;0;0
B4KQ20_DROMO.gar_cds;0.842;0.932;0.885;1444;106;2227;270
M3ZTR9_XIPMA.gar_cds;0.0;0.0;0.0;0;0;67340;2369
F6YUF2_XENTR.gar_cds;0.0;0.0;0.0;0;32201;0;2495
B0X734_CULQU.gar_cds;0.65;1.0;0.788;1218;0;467;657
W4GJ56_9STRA.gar_exon;0.98;0.937;0.958;1994;133;811;40
D0MY10_PHYIT.gar_cds;1.0;1.0;1.0;2172;0;62;0
A7SH53_NEMVE.gar_cds;0.0;0.0;0.0;0;0;2755;1021
G7PRK5_MACFA.gar_cds;1.0;0.5;0.667;1962;1962;0;0
W2YZ86_PHYPR.gar_exon;1.0;0.99;0.995;594;6;311;0
K2MXI1_TRYCR.gar_cds;1.0;0.5;0.667;1122;1122;0;0
W5PWU8_SHEEP.gar_cds;0.603;1.0;0.752;1296;0;35936;852
A0A090L692_STRRB.gar_cds;0.0;0.0;0.0;0;52;0;1050
F6VUS1_ORNAN.gar_cds;0.93;0.993;0.96;1599;12;10835;120
Q4E4V4_TRYCC.gar_cds;1.0;0.5;0.667;1761;1761;0;0
F6PQ94_CIOIN.gar_cds;0.921;0.979;0.949;2005;44;4856;173
K7FIS9_PELSI.gar_cds;0.062;0.712;0.114;274;111;7706;4117
I3KHB5_ORENI.gar_cds;0.407;0.922;0.565;83;7;562;121
G7NZ67_MACFA.gar_cds;0.29;1.0;0.45;374;0;33794;915
A0A0D9QUM7_CHLSB.gar_cds;0.456;0.971;0.621;979;29;48933;1166
U3K919_FICAL.gar_cds;0.368;0.987;0.536;1543;20;3742;2645
A0A0L0CIR6_LUCCU.gar_cds;0.914;1.0;0.955;1014;0;237;96
H2V9K1_TAKRU.gar_cds;0.734;1.0;0.847;755;0;1782;274
G1RZS0_NOMLE.gar_cds;0.0;0.0;0.0;0;76514;416039;4021
G3S2G4_GORGO.gar_cds;0.505;0.5;0.502;1078;1078;1055;1055
A0A0G2JUD0_RAT.gar_cds;0.797;0.726;0.76;1943;733;220786;494
A0A067QKD4_ZOONE.gar_cds;0.968;0.97;0.969;2251;69;4840;74
A0A024GPP5_9STRA.gar_exon;0.439;0.759;0.556;249;79;69;318
W5KI70_ASTMX.gar_cds;0.064;0.087;0.074;187;1964;33984;2749
G4VC35_SCHMA.gar_cds;0.306;0.5;0.38;354;354;802;802
Q22CC3_TETTS.gar_cds;0.0;0.0;0.0;0;0;630;1367
A0A044VD16_ONCVO.gar_cds;0.511;1.0;0.676;579;0;1913;553
H0WVV6_OTOGA.gar_cds;0.894;0.654;0.755;555;294;23967;66
G1M4X8_AILME.gar_cds;0.98;1.0;0.99;535;0;27708;11
G4YJY9_PHYSP.gar_cds;0.955;1.0;0.977;2222;0;72;105
E9ADL1_LEIMA.gar_cds;1.0;0.5;0.667;561;561;0;0
D2VQK4_NAEGR.gar_exon;0.943;0.976;0.959;1958;48;137;118
A0A078AXX6_STYLE.gar_cds;0.69;1.0;0.817;582;0;117;261
S9VEE0_9TRYP.gar_cds;0.797;0.5;0.614;435;435;111;111
E2R962_CANLF.gar_cds;0.0;0.0;0.0;0;1161;10204;2279
F6Y677_CIOIN.gar_cds;0.965;1.0;0.982;1497;0;5617;55
I3MEL8_ICTTR.gar_cds;0.488;0.533;0.51;822;720;8287;862
B1WBT5_RAT.gar_cds;0.51;0.816;0.628;1170;264;51622;1125
B4ME19_DROVI.gar_exon;0.903;1.0;0.949;1478;0;2255;159
G3T581_LOXAF.gar_cds;0.759;0.962;0.849;681;27;10311;216
W2R9D6_PHYPN.gar_exon;1.0;1.0;1.0;736;0;89;0
W5L586_ASTMX.gar_cds;0.127;0.211;0.159;321;1203;2788;2209
K2MWH7_TRYCR.gar_cds;1.0;0.5;0.667;1791;1791;0;0
B3RXC9_TRIAD.gar_cds;0.906;0.988;0.945;1926;24;6899;201
A0A0L0CC86_LUCCU.gar_cds;0.245;1.0;0.394;441;0;1810;1359
H0V1I4_CAVPO.gar_cds;0.073;0.087;0.079;159;1672;24971;2007
G1KX11_ANOCA.gar_cds;0.119;1.0;0.213;264;0;7603;1950
F6ZBL6_MACMU.gar_cds;0.074;0.15;0.099;271;1535;28981;3403
V9ETD6_PHYPR.gar_cds;1.0;0.99;0.995;594;6;310;0
CH037_MOUSE.gar_cds;0.267;1.0;0.421;564;0;22808;1552
E3MCR4_CAERE.gar_cds;1.0;1.0;1.0;573;0;334;0
G3QYJ9_GORGO.gar_cds;0.0;0.0;0.0;0;70857;487207;4019
F6RFR4_HORSE.gar_cds;0.129;0.135;0.132;226;1443;7909;1526
BBIP1_DANRE.gar_cds;0.315;1.0;0.479;219;0;2807;477
H2N391_PONAB.gar_cds;0.61;0.9;0.727;1698;188;243723;1086
M3ZLB9_XIPMA.gar_exon;0.299;1.0;0.46;827;0;15402;1938
A0A0J9Y8J7_BRUMA.gar_cds;1.0;1.0;1.0;573;0;1642;0
LZTL1_BOVIN.gar_cds;0.037;0.104;0.055;33;284;9542;847
T1JH94_STRMM.gar_exon;0.96;0.957;0.958;1203;54;647;50
A0A0L0S0V9_ALLMA.gar_cds;0.802;0.808;0.805;687;163;260;170
G3QXT9_GORGO.gar_cds;0.179;0.818;0.294;378;84;20912;1728
V3ZX09_LOTGI.gar_exon;0.572;0.668;0.616;890;443;2848;665
ARL6_BOVIN.gar_cds;0.0;0.0;0.0;0;20039;15670;3650
A0A061J9B9_TRYRA.gar_cds;0.985;0.5;0.663;1734;1734;27;27
F4PDD1_BATDJ.gar_cds;0.631;0.829;0.717;358;74;248;209
BBS4_MOUSE.gar_cds;0.621;1.0;0.766;1563;0;29001;955
BBS2_RAT.gar_cds;0.528;1.0;0.691;1359;0;32902;1214
F7G484_MACMU.gar_cds;0.0;0.0;0.0;0;327;18977;624
K1PS22_CRAGI.gar_cds;1.0;0.5;0.667;228;228;0;0
K7FSX8_PELSI.gar_cds;0.472;1.0;0.641;216;0;2293;242
G3PRP6_GASAC.gar_cds;0.44;0.952;0.602;539;27;2784;686
ARL6_HUMAN.gar_cds;0.239;1.0;0.386;390;0;32385;1240
A0A090LBV3_STRRB.gar_cds;0.0;0.0;0.0;0;207;0;588
F6WZU0_MACMU.gar_cds;0.014;0.052;0.022;53;964;50452;3667
G3WH06_SARHA.gar_cds;0.55;0.861;0.671;527;85;20061;432
G5C795_HETGA.gar_cds;0.914;0.5;0.646;1944;1944;183;183
I3MME5_ICTTR.gar_cds;0.0;0.0;0.0;0;0;5674;1757
A0A087YPY0_POEFO.gar_cds;0.965;0.5;0.659;1968;1968;72;72
SDCG8_MOUSE.gar_cds;0.625;0.034;0.064;1736;49467;153535;1040
K7F055_PELSI.gar_cds;1.0;0.5;0.667;1944;1944;0;0
W2Q1R0_PHYPN.gar_cds;1.0;0.99;0.995;594;6;310;0
W4FL04_9STRA.gar_exon;0.797;0.826;0.811;507;107;179;129
G1QY66_NOMLE.gar_cds;0.016;0.041;0.023;31;734;23296;1966
I3LB57_PIG.gar_cds;0.0;0.0;0.0;0;0;2145;2145
A7SRQ9_NEMVE.gar_cds;0.0;0.0;0.0;0;7921;485;4509
F7EGS4_MACMU.gar_cds;0.1;0.307;0.151;115;259;52233;1039
M3ZCM3_NOMLE.gar_cds;0.092;0.289;0.14;309;762;10769;3042
F1MU26_BOVIN.gar_cds;0.093;0.138;0.111;250;1556;21693;2436
A0A0M9G1C6_9TRYP.gar_cds;0.786;0.5;0.611;1518;1518;413;413
A0A024TR25_9STRA.gar_exon;0.809;0.842;0.825;1781;333;397;421
A0A0G4EPB7_VITBC.gar_cds;0.545;0.717;0.619;572;226;160;477
B4GIM8_DROPE.gar_exon;1.0;1.0;1.0;606;0;194;0
A1ZBK9_DROME.gar_exon;0.949;1.0;0.974;673;0;171;36
H0WUW2_OTOGA.gar_cds;0.888;0.961;0.923;1492;61;10062;188
W5KEJ5_ASTMX.gar_cds;0.321;0.585;0.415;551;391;4015;1163
G1LVU0_AILME.gar_cds;0.581;1.0;0.735;594;0;22183;429
F1PG88_CANLF.gar_cds;0.036;0.087;0.051;29;304;17277;777
G3T4E0_LOXAF.gar_cds;0.748;1.0;0.856;765;0;18955;258
A2DWY6_TRIVA.gar_cds;1.0;0.5;0.667;642;642;0;0
K1R468_CRAGI.gar_cds;0.793;1.0;0.885;447;0;6358;117
E0VP97_PEDHC.gar_cds;0.042;0.073;0.053;105;1325;1705;2376
H2N0J6_ORYLA.gar_cds;0.297;0.368;0.329;643;1103;2146;1524
I3IZ50_ORENI.gar_cds;0.49;0.837;0.618;360;70;12384;375
Q295Y8_DROPS.gar_exon;0.532;1.0;0.695;1191;0;240;1046
U3JY08_FICAL.gar_cds;0.513;0.489;0.501;1387;1450;32845;1319
G1QUW7_NOMLE.gar_cds;0.008;0.008;0.008;20;2374;270226;2596
G5A9W7_PHYSP.gar_cds;0.951;0.863;0.905;585;93;246;30
BBIP1_NEMVE.gar_cds;0.292;0.5;0.369;216;216;523;523
A0A059F571_9MICR.gar_cds;0.0;0.0;0.0;0;487;0;487
V4AFV8_LOTGI.gar_cds;0.985;1.0;0.992;1732;0;3750;26
B3M8B7_DROAN.gar_exon;1.0;1.0;1.0;1830;0;394;0
Q4E5P7_TRYCC.gar_cds;1.0;0.5;0.667;1122;1122;0;0
G1NSC2_MYOLU.gar_cds;0.838;0.5;0.626;1782;1782;345;345
H9JGR5_BOMMO.gar_cds;0.478;1.0;0.647;498;0;6062;543
K3X2Y2_PYTUL.gar_exon;0.788;0.862;0.823;480;77;323;129
F1SNZ1_PIG.gar_cds;0.042;0.167;0.067;64;320;17437;1457
A0A024U1E5_9STRA.gar_exon;0.994;0.918;0.954;1708;153;116;10
D2A192_TRICA.gar_cds;0.942;1.0;0.97;2166;0;644;134
W6KEL0_9TRYP.gar_cds;0.0;0.0;0.0;0;0;858;858
E7EXH4_DANRE.gar_cds;0.601;0.896;0.719;1422;165;31512;945
A0A024TR04_9STRA.gar_exon;0.872;0.902;0.887;1738;188;449;255
F6WBK6_CIOIN.gar_cds;0.951;0.32;0.479;1328;2825;14026;69
A0A0M9GA52_9TRYP.gar_cds;0.88;0.5;0.638;1791;1791;244;244
A7RHF6_NEMVE.gar_cds;0.0;0.0;0.0;0;0;2454;1198
G0MEG7_CAEBE.gar_cds;1.0;1.0;1.0;573;0;525;0
K3WPT3_PYTUL.gar_exon;0.94;0.955;0.947;2028;95;0;129
T0QML0_9STRA.gar_exon;0.708;0.865;0.779;1627;253;360;670
F6TP16_MONDO.gar_cds;0.0;0.0;0.0;0;537;26783;1713
H2P491_PONAB.gar_cds;0.397;0.916;0.554;467;43;17845;709
F7I0U0_CALJA.gar_cds;0.0;0.0;0.0;0;2137;240319;2601
V4AJL1_LOTGI.gar_cds;0.918;0.905;0.911;2056;216;8578;184
W4FD87_9STRA.gar_exon;0.939;0.966;0.952;1522;53;695;99
G1SYD7_RABIT.gar_cds;0.18;0.361;0.24;811;1438;8936;3694
B7P1L1_IXOSC.gar_cds;1.0;0.5;0.667;570;570;0;0
K7GGB8_PELSI.gar_cds;0.845;0.99;0.912;1523;16;40308;279
H2QUE8_PANTR.gar_cds;0.0;0.0;0.0;0;65070;410409;4018
E9AFP5_LEIMA.gar_cds;1.0;0.5;0.667;1779;1779;0;0
A0A044R639_ONCVO.gar_cds;0.799;1.0;0.888;1657;0;3151;416
BBS1_HUMAN.gar_cds;0.507;0.967;0.665;1734;60;19536;1689
V3Z105_LOTGI.gar_cds;0.871;0.974;0.92;494;13;1460;73
H2Y3Y0_CIOSA.gar_cds;0.674;0.912;0.775;438;42;1403;212
S9W7J6_9TRYP.gar_cds;1.0;0.5;0.667;1590;1590;0;0
K3WFZ0_PYTUL.gar_cds;1.0;0.5;0.667;1881;1881;0;0
M3Y3G7_MUSPF.gar_cds;0.258;0.006;0.012;1393;244691;134431;4014
A0A096NEP7_PAPAN.gar_cds;0.466;0.899;0.614;294;33;20417;337
A0A0W8CBQ8_PHYNI.gar_cds;1.0;0.96;0.98;1530;63;0;0
F2UQ70_SALR5.gar_cds;0.633;0.517;0.569;355;331;782;206
H2T1G8_TAKRU.gar_cds;0.289;0.351;0.317;313;579;1510;771
F6VNP5_XENTR.gar_cds;0.598;0.922;0.725;1667;142;19308;1120
H2QWG3_PANTR.gar_cds;0.046;0.333;0.081;154;308;20606;3223
W2Z9A3_PHYPR.gar_exon;0.955;0.962;0.958;1590;63;0;75
G1S2T2_NOMLE.gar_cds;0.0;0.0;0.0;0;1575;129093;1958
E2RTL3_CANLF.gar_cds;0.084;0.227;0.123;204;696;12468;2236
E1BKZ3_BOVIN.gar_cds;0.177;0.215;0.194;415;1514;236098;1924
M3Z132_MUSPF.gar_cds;0.614;0.983;0.756;1436;25;41413;901
M3ZXJ0_XIPMA.gar_cds;0.0;0.0;0.0;0;0;1585;195
MKS1_HUMAN.gar_cds;0.1;0.187;0.13;239;1042;10430;2158
IFT27_BOVIN.gar_cds;0.035;0.071;0.047;29;381;22071;806
A0A0V0QJ72_PSEPJ.gar_cds;0.0;0.0;0.0;0;0;373;408
W2Q403_PHYPN.gar_exon;0.995;1.0;0.997;2378;0;73;13
B4F765_RAT.gar_cds;0.399;0.827;0.538;407;85;15221;614
A0A096NVI3_PAPAN.gar_cds;0.166;0.868;0.279;1156;176;12446;5818
A0A0R4IL45_DANRE.gar_cds;0.841;0.5;0.627;2016;2016;380;380
IFT74_HUMAN.gar_cds;0.003;0.007;0.004;7;973;103425;2153
A0A0L0C383_LUCCU.gar_cds;0.836;1.0;0.911;2467;0;1161;485
G4YHC7_PHYSP.gar_cds;1.0;1.0;1.0;2181;0;71;0
Q66H90_RAT.gar_cds;0.718;1.0;0.836;2073;0;36895;815
E2RQA6_CANLF.gar_cds;0.465;0.72;0.565;1082;421;32394;1246
T0RY96_9STRA.gar_exon;0.825;0.947;0.882;1820;101;402;385
H3ACN3_LATCH.gar_cds;0.311;1.0;0.474;561;0;17588;1243
H9GC07_ANOCA.gar_cds;0.883;0.982;0.93;1394;25;26030;184
F6VW47_MACMU.gar_cds;0.0;0.0;0.0;0;1085;83066;1110
A8IYF1_CHLRE.gar_cds;0.461;1.0;0.631;1068;0;3172;1251
H0UV24_CAVPO.gar_cds;0.0;0.0;0.0;0;3336;372587;2610
BBS2_MOUSE.gar_cds;0.589;1.0;0.741;1806;0;27911;1258
T1IP28_STRMM.gar_exon;1.0;0.929;0.963;775;59;62;0
M3XWM7_MUSPF.gar_cds;1.0;1.0;1.0;2166;0;25355;0
H3DGV8_TETNG.gar_cds;0.843;1.0;0.915;1441;0;208;269
G3QRG0_GORGO.gar_cds;0.115;0.162;0.135;130;674;22918;997
A0BPN5_PARTE.gar_cds;0.491;1.0;0.659;837;0;98;867
I3MVI4_ICTTR.gar_cds;0.0;0.0;0.0;0;0;1999;1999
G1P887_MYOLU.gar_cds;0.997;0.869;0.929;897;135;8175;3
H2ZI39_CIOSA.gar_cds;0.535;0.995;0.696;866;4;8107;754
A7RY88_NEMVE.gar_cds;0.0;0.0;0.0;0;0;4760;1398
A0A024UWM1_9STRA.gar_exon;0.985;0.978;0.981;1977;45;48;30
A0A0N1I7W9_LEPSE.gar_cds;1.0;0.5;0.667;2535;2535;0;0
T0QVK2_9STRA.gar_exon;0.893;0.842;0.867;1674;313;158;201
A0A0K0JGJ2_BRUMA.gar_cds;0.0;0.0;0.0;0;0;248;291
M4AG44_XIPMA.gar_cds;0.0;0.0;0.0;0;0;8904;1698
F7C208_CALJA.gar_cds;0.0;0.0;0.0;0;496;0;2127
B0W2W7_CULQU.gar_cds;0.917;0.978;0.947;2006;46;19055;181
Q28WS1_DROPS.gar_exon;0.853;1.0;0.921;1549;0;1400;267
H2ZXI1_LATCH.gar_cds;0.269;1.0;0.424;1455;0;41537;3958
G4ZRE7_PHYSP.gar_cds;0.993;1.0;0.996;563;0;74;4
BBS12_MOUSE.gar_cds;0.527;1.0;0.69;1281;0;6464;1152
LZTL1_RAT.gar_cds;0.316;0.471;0.378;434;488;13331;939
Q4E4D8_TRYCC.gar_cds;1.0;0.5;0.667;1464;1464;0;0
W2RGR2_PHYPN.gar_exon;0.999;0.5;0.666;1177;1177;1;1
W2PT12_PHYPN.gar_exon;0.952;1.0;0.975;1289;0;67;65
H0VBK0_CAVPO.gar_cds;0.0;0.0;0.0;0;400;9334;900
V9EKV4_PHYPR.gar_exon;0.952;1.0;0.975;1289;0;67;65
W5J3R5_ANODA.gar_cds;1.0;1.0;1.0;1041;0;63;0
E9HBN7_DAPPU.gar_cds;0.894;0.994;0.941;901;5;579;107
W4FRY5_9STRA.gar_exon;0.888;0.899;0.893;613;69;286;77
A4HN90_LEIBR.gar_cds;1.0;0.5;0.667;1791;1791;0;0
Q5RA46_PONAB.gar_cds;0.461;0.973;0.626;1089;30;58057;1271
MKKS_PONAB.gar_cds;0.537;1.0;0.699;1481;0;25937;1276
F7I023_CALJA.gar_cds;0.74;1.0;0.851;462;0;22190;162
H2NCR2_PONAB.gar_cds;0.529;0.993;0.69;1782;12;17885;1586
ARL6_CAEEL.gar_cds;1.0;1.0;1.0;573;0;933;0
M3Z5I9_MUSPF.gar_cds;0.944;0.5;0.654;2021;2021;121;121
BBS5_HUMAN.gar_cds;0.019;0.082;0.031;66;738;23265;3409
Q4Q1J3_LEIMA.gar_cds;1.0;0.5;0.667;1488;1488;0;0
G3N7I2_GASAC.gar_cds;0.697;0.565;0.624;1567;1205;7280;680
TRI32_HUMAN.gar_cds;0.532;1.0;0.695;1962;0;10283;1726
F6XCD9_CANLF.gar_cds;0.001;0.0;0.0;3;43651;367742;3198
MKKS_MOUSE.gar_cds;0.344;0.986;0.51;1009;14;14654;1926
H0WCG0_CAVPO.gar_cds;0.781;0.808;0.794;1391;330;13465;391
F1SGD6_PIG.gar_cds;0.547;1.0;0.707;1596;0;430;1323
F7AHJ9_HORSE.gar_cds;0.943;0.994;0.968;1772;10;13331;108
W5LDX9_ASTMX.gar_cds;0.029;0.115;0.046;45;348;12337;1509
B7XJ53_ENTBH.gar_cds;0.0;0.0;0.0;0;648;0;648
F1S1T9_PIG.gar_cds;0.038;0.05;0.043;90;1693;40722;2254
F6PJY2_HORSE.gar_cds;0.0;0.0;0.0;0;0;9870;1238
H0WTY6_OTOGA.gar_cds;0.708;0.968;0.818;1318;44;100904;543
U3K4J7_FICAL.gar_cds;0.951;1.0;0.975;1538;0;17398;79
F7IDY9_CALJA.gar_cds;0.076;0.078;0.077;149;1750;14978;1814
S9UZY7_9TRYP.gar_cds;1.0;0.5;0.667;1740;1740;0;0
W4YZF5_STRPU.gar_cds;0.131;0.717;0.222;467;184;7477;3087
F7HEV6_CALJA.gar_cds;0.042;0.012;0.019;106;8865;16053;2413
A0A0G4IPH3_PLABS.gar_cds;0.933;0.892;0.912;963;116;231;69
K7FH00_PELSI.gar_cds;0.466;0.998;0.635;1796;4;34074;2062
G3P7I9_GASAC.gar_cds;0.894;0.977;0.934;1790;43;1511;213
Q5XI30_RAT.gar_cds;0.345;1.0;0.513;1023;0;15298;1945
T0PXD2_9STRA.gar_exon;0.799;0.85;0.824;1307;230;266;329
W2ZBK5_PHYPR.gar_exon;0.997;0.5;0.666;1972;1972;5;5
A0A0D9R018_CHLSB.gar_cds;0.232;1.0;0.377;1487;0;10871;4933
G1LXJ6_AILME.gar_cds;0.889;1.0;0.941;1593;0;13620;198
B4HV21_DROSE.gar_cds;1.0;1.0;1.0;1818;0;252;0
W2Z3I6_PHYPR.gar_exon;0.995;1.0;0.997;2378;0;73;13
A0A0S4JE34_BODSA.gar_cds;1.0;0.5;0.667;1035;1035;0;0
G3W269_SARHA.gar_cds;0.267;1.0;0.421;909;0;19543;2495
G3VZE0_SARHA.gar_cds;0.167;1.0;0.286;492;0;45325;2461
M3WEE9_FELCA.gar_cds;0.0;0.0;0.0;0;402;15795;693
G3RQW7_GORGO.gar_cds;0.013;0.015;0.014;29;1933;8369;2232
H2MKZ4_ORYLA.gar_cds;0.145;0.146;0.145;383;2249;95303;2264
H3GVL7_PHYRM.gar_cds;1.0;1.0;1.0;2178;0;72;0
G1KSD3_ANOCA.gar_cds;0.16;1.0;0.276;561;0;9366;2952
A2E557_TRIVA.gar_cds;1.0;0.5;0.667;1512;1512;0;0
K7JBG2_NASVI.gar_cds;0.879;0.996;0.934;1527;6;445;210
H3D829_TETNG.gar_cds;0.959;0.995;0.977;875;4;1803;37
H2QJY8_PANTR.gar_cds;0.0;0.0;0.0;0;27105;0;2527
K3X3B3_PYTUL.gar_cds;1.0;0.5;0.667;1026;1026;0;0
H0XEP4_OTOGA.gar_cds;0.694;1.0;0.819;1491;0;47110;657
G1PE46_MYOLU.gar_cds;0.931;0.98;0.955;2000;40;44425;148
IFT27_MOUSE.gar_cds;0.378;0.99;0.547;383;4;13628;629
E0VEH7_PEDHC.gar_cds;0.896;1.0;0.945;825;0;271;96
F1N626_BOVIN.gar_cds;0.075;0.15;0.1;153;864;90006;1876
D0MZ16_PHYIT.gar_cds;0.954;0.96;0.957;1689;71;527;81
Q4DW95_TRYCC.gar_cds;1.0;0.5;0.667;2319;2319;0;0
D2VIC7_NAEGR.gar_cds;0.862;1.0;0.926;913;0;88;146
W5N2B1_LEPOC.gar_cds;0.419;1.0;0.591;900;0;18385;1247
D2UXT8_NAEGR.gar_cds;0.983;0.5;0.663;1345;1345;23;23
E2RKK7_CANLF.gar_cds;1.0;0.5;0.667;1962;1962;0;0
W4Y9Z5_STRPU.gar_cds;0.524;0.934;0.671;1488;105;7411;1354
A2DE41_TRIVA.gar_cds;1.0;0.5;0.667;1512;1512;0;0
H3BHT8_LATCH.gar_cds;0.729;0.974;0.834;1686;45;26899;626
G3NM06_GASAC.gar_cds;0.498;1.0;0.665;875;0;3304;882
G3QWF1_GORGO.gar_cds;0.0;0.0;0.0;0;1333;101481;2056
I3M6W3_ICTTR.gar_cds;0.087;0.106;0.096;188;1580;20334;1975
A0A067CAA2_SAPPC.gar_cds;0.614;0.845;0.711;348;64;118;219
A0A0D9RRT6_CHLSB.gar_cds;0.56;1.0;0.718;765;0;23975;601
G1T913_RABIT.gar_cds;0.803;0.5;0.616;1707;1707;420;420
C4VA57_NOSCE.gar_cds;0.0;0.0;0.0;0;507;0;507
W5LYF8_LEPOC.gar_cds;0.985;0.736;0.842;1673;601;8341;25
A0A087XH33_POEFO.gar_cds;0.0;0.0;0.0;0;0;1397;228
F6VTH6_ORNAN.gar_cds;0.661;0.951;0.78;976;50;10526;500
A4IDK2_LEIIN.gar_cds;1.0;0.5;0.667;1488;1488;0;0
E2R1C7_CANLF.gar_cds;0.683;0.5;0.577;1462;1462;680;680
W2Q7F5_PHYPN.gar_exon;0.955;0.962;0.958;1590;63;0;75
D0NEL4_PHYIT.gar_cds;1.0;1.0;1.0;567;0;67;0
G1RDU8_NOMLE.gar_cds;0.501;0.906;0.645;1163;120;48167;1160
H3DMY8_TETNG.gar_cds;0.965;0.636;0.767;2061;1182;3022;75
F6VLT6_CALJA.gar_cds;0.0;0.0;0.0;0;17671;50686;871
H2NBL0_PONAB.gar_cds;0.971;1.0;0.985;201;0;1002;6
S9WLZ2_9TRYP.gar_cds;0.947;0.5;0.654;1668;1668;93;93
TTC8_CAEEL.gar_cds;0.764;0.959;0.85;1306;56;831;404
F7DYZ0_HORSE.gar_cds;0.412;0.936;0.572;986;67;10258;1407
F6ZUJ5_CALJA.gar_cds;0.0;0.0;0.0;0;4058;115712;2123
S9UWW3_9TRYP.gar_cds;1.0;0.5;0.667;546;546;0;0
V5DCK5_TRYCR.gar_cds;1.0;0.5;0.667;1464;1464;0;0
A0A0G4EJP9_VITBC.gar_cds;0.784;0.728;0.755;1209;451;45;333
I3LJG1_PIG.gar_cds;0.0;0.0;0.0;0;45138;0;2149
A0A0D9S9I9_CHLSB.gar_cds;1.0;0.5;0.667;1962;1962;0;0
Q4E2P4_TRYCC.gar_cds;1.0;0.5;0.667;1122;1122;0;0
H2ZZ55_LATCH.gar_cds;0.654;1.0;0.791;2103;0;45173;1111
A0A0D9S9R9_CHLSB.gar_cds;0.0;0.0;0.0;0;2133;0;2133
E0V980_PEDHC.gar_cds;1.0;1.0;1.0;2154;0;153;0
F6X3T5_HORSE.gar_cds;0.0;0.0;0.0;0;61214;356966;3146
F6SCB7_MACMU.gar_cds;0.019;0.124;0.033;49;346;33448;2533
F1Q1T8_CANLF.gar_cds;0.058;0.001;0.002;134;155544;178923;2178
A0A059EQ31_9MICR.gar_cds;0.0;0.0;0.0;0;487;0;487
CH037_RAT.gar_cds;0.281;1.0;0.439;567;0;17276;1450
K7G526_PELSI.gar_cds;0.349;0.742;0.475;1353;471;248991;2525
PTHB1_MOUSE.gar_cds;0.605;0.048;0.089;2047;40870;368314;1335
H0X602_OTOGA.gar_cds;0.899;0.991;0.943;806;7;10949;91
F6PM46_HORSE.gar_cds;0.622;0.756;0.682;1365;441;31147;829
A0A0H5S6V4_BRUMA.gar_cds;0.898;1.0;0.946;1431;0;1349;163
G3TIP0_LOXAF.gar_cds;0.895;1.0;0.945;1938;0;22683;228
TRI32_MOUSE.gar_cds;0.616;1.0;0.762;1968;0;8059;1226
A0A096LWM2_POEFO.gar_cds;0.0;0.0;0.0;0;0;2262;1621
H3AVK0_LATCH.gar_cds;0.38;1.0;0.551;799;0;14800;1303
BBS10_HUMAN.gar_cds;0.0;0.0;0.0;0;374;0;3595
F6UTK2_ORNAN.gar_cds;0.566;0.912;0.699;1538;148;73526;1180
M3YV44_MUSPF.gar_cds;0.315;0.958;0.474;756;33;12406;1647
W4Z211_STRPU.gar_cds;0.95;0.5;0.655;211;211;11;11
F7DYZ6_XENTR.gar_cds;0.585;0.98;0.733;1732;35;15438;1231
J9K6V4_ACYPI.gar_exon;0.513;1.0;0.678;980;0;743;930
F6TUH0_HORSE.gar_cds;0.0;0.0;0.0;0;457;0;2236
BBS2_DANRE.gar_cds;0.834;1.0;0.909;2148;0;12338;429
F6TJD2_ORNAN.gar_cds;0.154;1.0;0.267;535;0;18566;2932
F6XU90_ORNAN.gar_cds;0.51;0.894;0.649;1824;216;32408;1755
H0W8L4_CAVPO.gar_cds;0.642;0.5;0.562;1362;1362;759;759
M3ZHU5_XIPMA.gar_cds;0.0;0.0;0.0;0;7058;0;900
I3MEE1_ICTTR.gar_cds;0.0;0.0;0.0;0;87917;348452;2661
G1SEN4_RABIT.gar_cds;0.118;0.935;0.21;522;36;27272;3885
K2MSG2_TRYCR.gar_cds;1.0;0.5;0.667;1440;1440;0;0
A4HH17_LEIBR.gar_cds;1.0;0.5;0.667;561;561;0;0
G1P0F6_MYOLU.gar_cds;0.485;1.0;0.653;564;0;25277;598
W6KXN0_9TRYP.gar_cds;0.978;0.5;0.662;1704;1704;39;39
F6WD17_ORNAN.gar_cds;0.536;1.0;0.698;881;0;17077;764
F7F169_ORNAN.gar_cds;0.378;1.0;0.549;213;0;1760;351
F6QX88_CIOIN.gar_cds;0.881;1.0;0.937;1752;0;1961;236
T1EEF4_HELRO.gar_exon;0.202;0.431;0.275;248;328;3836;982
W5MZI7_LEPOC.gar_cds;0.598;0.882;0.713;561;75;6997;377
G1SQG3_RABIT.gar_cds;0.0;0.0;0.0;0;85368;193342;1988
A0A078B9U9_STYLE.gar_cds;1.0;0.5;0.667;1752;1752;0;0
M3X7G4_FELCA.gar_cds;0.168;0.264;0.205;363;1012;31829;1799
A0A0N0P3G2_LEPSE.gar_cds;1.0;0.5;0.667;555;555;0;0
F6Z5Q1_HORSE.gar_cds;0.058;0.066;0.062;126;1777;30376;2061
D6WTY1_TRICA.gar_cds;0.791;1.0;0.883;1326;0;6968;351
W5JPA7_ANODA.gar_cds;0.952;1.0;0.975;2007;0;1448;102
H2V5Z2_TAKRU.gar_cds;0.238;0.145;0.18;428;2527;6291;1369
V5BJR9_TRYCR.gar_cds;1.0;0.5;0.667;1122;1122;0;0
A0A0W8C8Z9_PHYNI.gar_cds;1.0;1.0;1.0;567;0;89;0
BBS5_DANRE.gar_cds;0.613;1.0;0.76;914;0;10372;578
B4J7X0_DROGR.gar_exon;0.942;0.998;0.969;1522;3;2938;94
M3XVF5_MUSPF.gar_cds;0.823;1.0;0.903;1467;0;14425;315
